congress,chamber,icpsr,state_icpsr,district_code,state_abbrev,party_code,occupancy,last_means,bioname,bioguide_id,born,died,nominate_dim1,nominate_dim2,nominate_log_likelihood,nominate_geo_mean_probability,nominate_number_of_votes,nominate_number_of_errors,conditional,nokken_poole_dim1,nokken_poole_dim2
118,House,20301,41,3,AL,200,,,"ROGERS, Mike Dennis",R000575,1958,,0.379,0.377,-161.95713,0.86216,1092,79,,0.44,0.312
118,House,21102,41,7,AL,100,,,"SEWELL, Terri",S001185,1965,,-0.4,0.393,-53.8326,0.95007,1051,19,,-0.522,0.361
118,House,21500,41,6,AL,200,,,"PALMER, Gary James",P000609,1954,,0.677,0.113,-94.48294,0.91769,1100,42,,0.675,0.136
118,House,22108,41,1,AL,200,,,"CARL, Jerry L.",C001054,1958,,0.55,0.239,-126.19488,0.89299,1115,58,,0.594,0.236
118,House,22140,41,2,AL,200,,,"MOORE, Barry",M001212,1966,,0.641,-0.245,-109.51287,0.90621,1112,48,,0.7,-0.292
118,House,22366,41,5,AL,200,,,"STRONG, Dale",S001220,1970,,0.622,0.361,-113.04185,0.90301,1108,45,,0.624,0.364
118,House,29701,41,4,AL,200,,,"ADERHOLT, Robert",A000055,1965,,0.405,0.467,-175.30965,0.85206,1095,86,,0.464,0.276
118,House,22168,81,1,AK,100,,,"PELTOLA, Mary Sattler",P000619,1973,,-0.138,0.378,-199.60663,0.80148,902,94,,-0.137,0.377
118,House,21995,93,0,AS,200,,,"RADEWAGEN, Aumua Amata Coleman",R000600,1947,,0.325,0.186,-72.83715,0.70217,206,36,,0.305,0.116
118,House,20305,61,7,AZ,100,,,"GRIJALVA, Raúl M.",G000551,1948,,-0.598,-0.264,-34.94764,0.95089,694,15,,-0.573,-0.39
118,House,21103,61,9,AZ,200,,,"GOSAR, Paul",G000565,1958,,0.702,-0.515,-90.57843,0.91705,1046,36,,0.758,-0.637
118,House,21105,61,1,AZ,200,,,"SCHWEIKERT, David",S001183,1962,,0.555,-0.226,-281.2099,0.77585,1108,104,,0.478,-0.162
118,House,21502,61,3,AZ,100,,,"GALLEGO, Ruben",G000574,1979,,-0.379,0.151,-135.72826,0.86448,932,57,,-0.3,0.399
118,House,21705,61,5,AZ,200,,,"BIGGS, Andrew S.",B001302,1958,,0.818,-0.575,-122.06723,0.89577,1109,55,,0.728,-0.686
118,House,21757,61,8,AZ,200,,,"LESKO, Debbie",L000589,1958,,0.616,-0.104,-114.4106,0.89409,1022,51,,0.637,-0.091
118,House,21968,61,4,AZ,100,,,"STANTON, Greg",S001211,1970,,-0.278,0.263,-73.31405,0.93586,1106,27,,-0.294,0.405
118,House,22309,61,6,AZ,200,,,"CISCOMANI, Juan",C001133,1982,,0.289,0.717,-61.52073,0.94527,1093,25,,0.288,0.718
118,House,22311,61,2,AZ,200,,,"CRANE, Eli",C001132,1980,,0.742,-0.67,-100.06999,0.91372,1109,44,,0.738,-0.675
118,House,21106,42,1,AR,200,,,"CRAWFORD, Rick",C001087,1966,,0.46,0.308,-164.05799,0.86156,1101,67,,0.472,0.19
118,House,21108,42,3,AR,200,,,"WOMACK, Steve",W000809,1957,,0.348,0.636,-71.17043,0.93838,1119,24,,0.37,0.929
118,House,21503,42,2,AR,200,,,"HILL, French",H001072,1956,,0.437,0.271,-160.21617,0.86548,1109,71,,0.443,0.289
118,House,21563,42,4,AR,200,,,"WESTERMAN, Bruce Eugene",W000821,1967,,0.546,0.252,-115.8422,0.90115,1113,57,,0.511,0.099
118,House,15448,71,11,CA,100,,,"PELOSI, Nancy",P000197,1940,,-0.49,-0.181,-45.04402,0.95659,1015,19,,-0.552,0.236
118,House,20104,71,30,CA,100,,,"SCHIFF, Adam",S001150,1960,,-0.352,-0.121,-49.7959,0.95432,1065,22,,-0.367,0.022
118,House,20107,71,48,CA,200,,,"ISSA, Darrell",I000056,1953,,0.478,0.021,-159.36717,0.86351,1086,75,,0.432,0.08
118,House,20310,71,38,CA,100,,,"SÁNCHEZ, Linda T.",S001156,1969,,-0.508,-0.131,-44.02096,0.96056,1094,20,,-0.525,-0.072
118,House,20501,71,21,CA,100,,,"COSTA, Jim",C001059,1952,,-0.197,0.449,-145.23424,0.87139,1055,61,,-0.301,0.554
118,House,20538,71,7,CA,100,,,"MATSUI, Doris",M001163,1944,,-0.433,-0.141,-44.66655,0.95978,1088,16,,-0.406,-0.063
118,House,20703,71,20,CA,200,,,"MCCARTHY, Kevin",M001165,1965,,0.453,0.233,-71.46574,0.82262,366,36,,0.381,0.07
118,House,20903,71,5,CA,200,,,"McCLINTOCK, Tom",M001177,1956,,0.672,-0.37,-318.64626,0.7485,1100,113,,0.518,-0.39
118,House,20955,71,28,CA,100,,,"CHU, Judy",C001080,1953,,-0.482,-0.371,-44.09016,0.96068,1099,17,,-0.407,-0.429
118,House,20958,71,8,CA,100,,,"GARAMENDI, John",G000559,1945,,-0.313,-0.095,-90.99665,0.91235,992,32,,-0.354,-0.039
118,House,21302,71,1,CA,200,,,"LaMALFA, Doug",L000578,1960,,0.541,0.009,-120.85356,0.88949,1032,55,,0.588,-0.003
118,House,21303,71,2,CA,100,,,"HUFFMAN, Jared",H001068,1964,,-0.43,-0.512,-69.62594,0.93768,1082,28,,-0.435,-0.451
118,House,21304,71,6,CA,100,,,"BERA, Ami",B001287,1965,,-0.245,0.011,-76.68843,0.93336,1112,34,,-0.364,0.152
118,House,21306,71,14,CA,100,,,"SWALWELL, Eric",S001193,1980,,-0.356,-0.047,-70.57937,0.93295,1017,33,,-0.345,0.182
118,House,21307,71,22,CA,200,,,"VALADAO, David G.",V000129,1977,,0.258,0.438,-70.18326,0.93803,1097,24,,0.264,0.653
118,House,21308,71,26,CA,100,,,"BROWNLEY, Julia",B001285,1952,,-0.302,0.052,-48.17367,0.95681,1091,16,,-0.454,0.17
118,House,21309,71,29,CA,100,,,"CÁRDENAS, Tony",C001097,1963,,-0.39,-0.046,-73.77358,0.93397,1080,37,,-0.478,-0.234
118,House,21311,71,25,CA,100,,,"RUIZ, Raul",R000599,1972,,-0.258,0.046,-73.84932,0.93552,1108,33,,-0.379,0.08
118,House,21312,71,39,CA,100,,,"TAKANO, Mark",T000472,1960,,-0.46,-0.328,-57.58525,0.94936,1108,23,,-0.431,-0.495
118,House,21314,71,52,CA,100,,,"VARGAS, Juan",V000130,1961,,-0.396,0.024,-87.89801,0.9238,1109,40,,-0.326,-0.281
118,House,21315,71,50,CA,100,,,"PETERS, Scott",P000608,1958,,-0.193,-0.03,-90.6147,0.92106,1102,42,,-0.283,0.045
118,House,21504,71,10,CA,100,,,"DESAULNIER, Mark James",D000623,1952,,-0.512,-0.364,-50.77073,0.95469,1095,25,,-0.419,-0.412
118,House,21506,71,33,CA,100,,,"AGUILAR, Peter Rey",A000371,1979,,-0.32,0.141,-61.66308,0.94596,1110,24,,-0.511,0.315
118,House,21507,71,36,CA,100,,,"LIEU, Ted",L000582,1969,,-0.374,-0.21,-66.25606,0.93957,1063,28,,-0.371,-0.117
118,House,21508,71,35,CA,100,,,"TORRES, Norma Judith",T000474,1965,,-0.369,0.07,-61.14455,0.9464,1110,21,,-0.408,0.195
118,House,21703,71,44,CA,100,,,"BARRAGÁN, Nanette Diaz",B001300,1976,,-0.5,-0.121,-56.19013,0.94993,1094,26,,-0.436,-0.303
118,House,21709,71,24,CA,100,,,"CARBAJAL, Salud",C001112,1964,,-0.323,0.105,-47.22132,0.95846,1113,11,,-0.429,0.23
118,House,21711,71,46,CA,100,,,"CORREA, Jose Luis",C001110,1958,,-0.284,0.154,-131.29211,0.88503,1075,57,,-0.287,-0.052
118,House,21728,71,17,CA,100,,,"KHANNA, Rohit",K000389,1976,,-0.464,-0.307,-71.31409,0.93766,1108,28,,-0.324,-0.408
118,House,21740,71,19,CA,100,,,"PANETTA, James Varni",P000613,1969,,-0.289,0.179,-103.27703,0.91146,1114,44,,-0.278,0.32
118,House,21754,71,34,CA,100,,,"GOMEZ, Jimmy",G000585,1974,,-0.537,-0.267,-63.20064,0.9429,1075,29,,-0.455,-0.377
118,House,21930,71,9,CA,100,,,"HARDER, Josh",H001090,1986,,-0.308,0.492,-88.89541,0.92134,1085,35,,-0.287,0.435
118,House,21939,71,49,CA,100,,,"LEVIN, Mike",L000593,1978,,-0.324,0.174,-84.53072,0.92718,1118,38,,-0.307,0.15
118,House,21954,71,47,CA,100,,,"PORTER, Katie",P000618,1974,,-0.236,-0.332,-74.1096,0.92773,988,28,,-0.372,-0.405
118,House,21988,71,27,CA,200,,,"GARCIA, Mike",G000061,1976,,0.356,0.097,-181.88224,0.84501,1080,72,,0.344,0.078
118,House,22126,71,51,CA,100,,,"JACOBS, Sara",J000305,1989,,-0.398,-0.437,-45.18591,0.95932,1088,19,,-0.422,-0.434
118,House,22129,71,40,CA,200,,,"KIM, Young",K000397,1962,,0.254,0.373,-99.28896,0.91399,1104,39,,0.246,0.43
118,House,22145,71,23,CA,200,,,"OBERNOLTE, Jay",O000019,1970,,0.316,0.283,-152.45017,0.87146,1108,45,,0.316,0.298
118,House,22152,71,45,CA,200,,,"STEEL, Michelle",S001135,1955,,0.37,0.275,-156.96898,0.86802,1109,56,,0.374,0.271
118,House,22317,71,13,CA,200,,,"DUARTE, John",D000633,1966,,0.335,0.002,-209.90038,0.82714,1106,74,,0.335,0.002
118,House,22323,71,42,CA,100,,,"GARCIA, Robert",G000598,1977,,-0.384,-0.62,-55.91934,0.94885,1065,19,,-0.379,-0.622
118,House,22333,71,37,CA,100,,,"KAMLAGER-DOVE, Sydney",K000400,1972,,-0.549,-0.481,-51.47514,0.95346,1080,25,,-0.548,-0.482
118,House,22336,71,3,CA,200,,,"KILEY, Kevin",K000401,1985,,0.254,0.442,-87.73791,0.92407,1111,31,,0.254,0.441
118,House,22354,71,15,CA,100,,,"MULLIN, Kevin",M001225,1970,,-0.47,-0.032,-43.38871,0.95993,1061,16,,-0.473,-0.037
118,House,22378,71,20,CA,200,,,"FONG, Vince",F000480,1979,,0.461,0.844,-18.06954,0.93185,256,9,,0.461,0.844
118,House,29106,71,43,CA,100,,,"WATERS, Maxine",W000187,1938,,-0.656,-0.095,-74.39452,0.93344,1080,34,,-0.488,-0.456
118,House,29312,71,16,CA,100,,,"ESHOO, Anna Georges",E000215,1942,,-0.379,-0.372,-84.00092,0.92699,1108,35,,-0.406,0.093
118,House,29323,71,41,CA,200,,,"CALVERT, Ken",C000059,1953,,0.339,0.276,-95.41945,0.91805,1116,27,,0.344,0.741
118,House,29504,71,18,CA,100,,,"LOFGREN, Zoe",L000397,1947,,-0.397,-0.405,-93.37132,0.91696,1077,35,,-0.313,-0.272
118,House,29707,71,32,CA,100,,,"SHERMAN, Brad",S000344,1954,,-0.344,-0.136,-71.43525,0.9374,1105,29,,-0.396,-0.008
118,House,29778,71,12,CA,100,,,"LEE, Barbara",L000551,1946,,-0.676,-0.582,-47.00817,0.95706,1071,20,,-0.504,-0.672
118,House,29901,71,4,CA,100,,,"THOMPSON, Michael",T000460,1951,,-0.393,0.07,-65.05627,0.94337,1116,26,,-0.372,0.12
118,House,29903,71,31,CA,100,,,"NAPOLITANO, Grace Flores",N000179,1936,,-0.448,-0.247,-37.14284,0.96566,1063,15,,-0.449,-0.249
118,House,20704,62,5,CO,200,,,"LAMBORN, Doug",L000564,1954,,0.665,0.257,-111.03105,0.90324,1091,50,,0.68,0.391
118,House,21510,62,4,CO,200,,,"BUCK, Kenneth Robert",B001297,1959,,0.655,-0.432,-370.28315,0.58697,695,104,,0.413,-0.458
118,House,21912,62,6,CO,100,,,"CROW, Jason",C001121,1979,,-0.35,0.206,-52.75643,0.95189,1070,19,,-0.445,0.121
118,House,21948,62,2,CO,100,,,"NEGUSE, Joseph",N000191,1984,,-0.426,-0.11,-35.93037,0.96837,1118,16,,-0.456,0.064
118,House,22103,62,3,CO,200,,,"BOEBERT, Lauren",B000825,1986,,0.736,-0.5,-126.21085,0.88805,1063,60,,0.679,-0.484
118,House,22306,62,8,CO,100,,,"CARAVEO, Yadira",C001134,1980,,-0.256,0.626,-111.77573,0.90271,1092,45,,-0.256,0.626
118,House,22359,62,7,CO,100,,,"PETTERSEN, Brittany",P000620,1981,,-0.353,0.314,-56.60826,0.95032,1111,25,,-0.352,0.321
118,House,22380,62,4,CO,200,,,"LOPEZ, Greg",L000604,1964,,0.894,0.448,-23.26534,0.86227,157,9,,0.888,0.459
118,House,29710,62,1,CO,100,,,"DeGETTE, Diana",D000197,1957,,-0.431,-0.308,-41.23798,0.96347,1108,15,,-0.407,-0.327
118,House,20706,1,2,CT,100,,,"COURTNEY, Joe",C001069,1953,,-0.337,0.041,-71.56202,0.93751,1109,31,,-0.322,0.221
118,House,20907,1,4,CT,100,,,"HIMES, James A.",H001047,1966,,-0.241,-0.208,-97.92918,0.91526,1106,49,,-0.264,-0.013
118,House,21931,1,5,CT,100,,,"HAYES, Jahana",H001081,1973,,-0.315,-0.057,-78.5312,0.93187,1113,35,,-0.309,-0.0
118,House,29109,1,3,CT,100,,,"DeLAURO, Rosa L.",D000216,1943,,-0.414,-0.107,-59.17689,0.94772,1102,22,,-0.444,0.071
118,House,29908,1,1,CT,100,,,"LARSON, John B.",L000557,1948,,-0.396,-0.038,-64.77894,0.94194,1083,23,,-0.419,0.11
118,House,21706,11,1,DE,100,,,"BLUNT ROCHESTER, Lisa",B001303,1962,,-0.361,-0.116,-49.29564,0.9557,1088,15,,-0.422,-0.011
118,House,21993,55,0,DC,100,,,"NORTON, Eleanor Holmes",N000147,1937,,-0.491,-0.114,-19.2218,0.96451,532,8,,-0.434,-0.257
118,House,20316,43,26,FL,200,,,"DIAZ-BALART, Mario",D000600,1961,,0.281,0.157,-121.40861,0.89031,1045,48,,0.312,0.395
118,House,20504,43,25,FL,100,,,"WASSERMAN SCHULTZ, Debbie",W000797,1966,,-0.415,0.102,-78.22724,0.93183,1108,33,,-0.382,0.257
118,House,20708,43,14,FL,100,,,"CASTOR, Kathy",C001066,1966,,-0.437,0.071,-57.07317,0.94953,1102,20,,-0.432,0.228
118,House,20709,43,16,FL,200,,,"BUCHANAN, Vernon G.",B001260,1951,,0.362,-0.085,-161.35728,0.86038,1073,78,,0.408,0.102
118,House,20758,43,12,FL,200,,,"BILIRAKIS, Gus",B001257,1963,,0.423,-0.033,-156.43646,0.86315,1063,78,,0.498,-0.035
118,House,20909,43,8,FL,200,,,"POSEY, Bill",P000599,1947,,0.533,-0.353,-131.31062,0.8868,1093,49,,0.593,-0.354
118,House,21116,43,11,FL,200,,,"WEBSTER, Daniel A.",W000806,1949,,0.522,-0.078,-145.41015,0.87457,1085,62,,0.503,-0.068
118,House,21118,43,24,FL,100,,,"WILSON, Frederica",W000808,1942,,-0.478,-0.006,-45.08106,0.95513,982,14,,-0.473,0.041
118,House,21321,43,22,FL,100,,,"FRANKEL, Lois",F000462,1948,,-0.396,-0.027,-66.99465,0.93909,1066,26,,-0.398,0.187
118,House,21714,43,2,FL,200,,,"DUNN, Neal Patrick",D000628,1953,,0.507,0.333,-137.64544,0.88075,1084,61,,0.502,0.309
118,House,21719,43,1,FL,200,,,"GAETZ, Matthew L. II",G000578,1982,,0.593,-0.643,-166.23062,0.845,987,75,,0.542,-0.696
118,House,21735,43,21,FL,200,,,"MAST, Brian Jeffery",M001199,1980,,0.463,-0.351,-174.95025,0.85083,1083,74,,0.482,-0.246
118,House,21744,43,5,FL,200,,,"RUTHERFORD, John Henry",R000609,1952,,0.432,0.067,-177.11021,0.8519,1105,74,,0.439,0.124
118,House,21746,43,9,FL,100,,,"SOTO, Darren Michael",S001200,1978,,-0.349,0.194,-76.55387,0.93365,1115,35,,-0.294,0.191
118,House,21971,43,17,FL,200,,,"STEUBE, William",S001214,1978,,0.692,-0.333,-92.30783,0.91233,1006,38,,0.732,-0.403
118,House,21981,43,6,FL,200,,,"WALTZ, Michael",W000823,1974,,0.452,-0.113,-128.18881,0.88058,1008,67,,0.596,0.04
118,House,22107,43,3,FL,200,,,"CAMMACK, Kat",C001039,1988,,0.59,-0.232,-105.38389,0.90637,1072,43,,0.59,-0.264
118,House,22111,43,19,FL,200,,,"DONALDS, Byron",D000032,1978,,0.646,-0.27,-93.7837,0.91353,1037,39,,0.694,-0.326
118,House,22116,43,18,FL,200,,,"FRANKLIN, C. Scott",F000472,1964,,0.623,0.184,-95.92637,0.91728,1111,45,,0.652,0.246
118,House,22118,43,28,FL,200,,,"GIMENEZ, Carlos A.",G000593,1954,,0.331,0.133,-139.84849,0.87823,1077,59,,0.353,0.181
118,House,22150,43,27,FL,200,,,"SALAZAR, Maria Elvira",S000168,1961,,0.271,0.159,-170.96888,0.84637,1025,68,,0.293,0.26
118,House,22163,43,20,FL,100,,,"CHERFILUS-MCCORMICK, Sheila",C001127,1979,,-0.457,-0.019,-43.53048,0.96078,1088,19,,-0.445,-0.101
118,House,22302,43,4,FL,200,,,"BEAN, Aaron",B001314,1967,,0.674,-0.149,-107.42932,0.90815,1115,43,,0.668,-0.15
118,House,22321,43,10,FL,100,,,"FROST, Maxwell",F000476,1997,,-0.425,-0.707,-51.53893,0.95459,1109,17,,-0.422,-0.708
118,House,22341,43,15,FL,200,,,"LEE, Laurel",L000597,1974,,0.408,0.152,-169.90038,0.85784,1108,76,,0.408,0.152
118,House,22343,43,13,FL,200,,,"LUNA, Anna",L000596,1989,,0.572,-0.5,-108.26225,0.89143,942,48,,0.574,-0.507
118,House,22350,43,7,FL,200,,,"MILLS, Cory",M001216,1980,,0.6,-0.308,-113.40128,0.90263,1107,45,,0.602,-0.306
118,House,22353,43,23,FL,100,,,"MOSKOWITZ, Jared",M001217,1980,,-0.225,0.305,-101.20334,0.90894,1060,42,,-0.233,0.311
118,House,20321,44,13,GA,100,,,"SCOTT, David",S001157,1945,,-0.303,0.169,-98.95249,0.91291,1086,38,,-0.325,0.264
118,House,20712,44,4,GA,100,,,"JOHNSON, Hank",J000288,1954,,-0.476,-0.055,-126.6467,0.88954,1082,43,,-0.767,-0.083
118,House,21123,44,8,GA,200,,,"SCOTT, Austin",S001189,1969,,0.535,0.367,-163.14728,0.86331,1110,78,,0.488,0.505
118,House,21513,44,1,GA,200,,,"CARTER, Buddy",C001103,1957,,0.557,0.344,-133.47998,0.88612,1104,56,,0.575,0.435
118,House,21515,44,11,GA,200,,,"LOUDERMILK, Barry D.",L000583,1963,,0.68,0.019,-118.90408,0.89529,1075,52,,0.66,0.049
118,House,21516,44,12,GA,200,,,"ALLEN, Rick W.",A000372,1951,,0.69,0.274,-120.05871,0.89783,1114,57,,0.636,0.269
118,House,21717,44,3,GA,200,,,"FERGUSON, Anderson Drew IV",F000465,1966,,0.585,0.251,-146.06378,0.87206,1067,66,,0.53,0.278
118,House,21944,44,7,GA,100,,,"McBATH, Lucy",M001208,1960,,-0.354,0.281,-63.44434,0.94361,1093,22,,-0.479,0.272
118,House,22110,44,9,GA,200,,,"CLYDE, Andrew S.",C001116,1963,,0.817,-0.137,-135.81932,0.88473,1109,60,,0.914,-0.047
118,House,22121,44,14,GA,200,,,"GREENE, Marjorie Taylor",G000596,1974,,0.8,-0.6,-162.16397,0.85752,1055,64,,0.668,-0.554
118,House,22156,44,5,GA,100,,,"WILLIAMS, Nikema",W000788,1978,,-0.425,-0.417,-46.00628,0.9594,1110,20,,-0.432,-0.42
118,House,22310,44,10,GA,200,,,"COLLINS, Mike",C001129,1967,,0.659,-0.267,-101.20772,0.91293,1111,39,,0.667,-0.26
118,House,22346,44,6,GA,200,,,"MCCORMICK, Rich",M001218,1968,,0.888,0.46,-175.50085,0.85253,1100,85,,0.89,0.455
118,House,29339,44,2,GA,100,,,"BISHOP, Sanford Dixon, Jr.",B000490,1947,,-0.287,0.446,-114.30833,0.90198,1108,56,,-0.44,0.455
118,House,22373,94,0,GU,200,,,"MOYLAN, James",M001219,1962,,0.443,0.431,-95.35811,0.75729,343,47,,0.443,0.431
118,House,20322,82,1,HI,100,,,"CASE, Ed",C001055,1952,,-0.204,-0.077,-112.17765,0.90355,1106,48,,-0.265,0.09
118,House,22369,82,2,HI,100,,,"TOKUDA, Jill",T000487,1976,,-0.467,-0.371,-40.32194,0.9642,1106,16,,-0.464,-0.372
118,House,21920,63,1,ID,200,,,"FULCHER, Russell",F000469,1962,,0.645,-0.087,-128.555,0.89092,1113,50,,0.671,-0.145
118,House,29910,63,2,ID,200,,,"SIMPSON, Michael K.",S001148,1950,,0.296,0.312,-101.8451,0.90945,1073,37,,0.285,0.451
118,House,20749,21,11,IL,100,,,"FOSTER, Bill",F000454,1955,,-0.237,-0.222,-76.80414,0.93303,1108,32,,-0.345,-0.075
118,House,20954,21,5,IL,100,,,"QUIGLEY, Mike",Q000023,1958,,-0.326,-0.23,-76.44534,0.93136,1075,28,,-0.44,0.156
118,House,21326,21,10,IL,100,,,"SCHNEIDER, Brad",S001190,1961,,-0.195,-0.119,-85.90224,0.92461,1096,42,,-0.307,0.151
118,House,21371,21,2,IL,100,,,"KELLY, Robin L.",K000385,1956,,-0.471,-0.02,-34.60626,0.96832,1075,13,,-0.551,-0.008
118,House,21519,21,12,IL,200,,,"BOST, Mike",B001295,1960,,0.398,-0.032,-173.31329,0.85496,1106,94,,0.515,-0.11
118,House,21562,21,16,IL,200,,,"LaHOOD, Darin",L000585,1968,,0.461,0.217,-164.34082,0.85909,1082,66,,0.465,0.236
118,House,21730,21,8,IL,100,,,"KRISHNAMOORTHI, S. Raja",K000391,1973,,-0.341,-0.01,-52.52648,0.9539,1113,17,,-0.41,0.13
118,House,21906,21,6,IL,100,,,"CASTEN, Sean",C001117,1971,,-0.646,0.44,-63.10048,0.9445,1105,25,,-0.609,0.259
118,House,21921,21,4,IL,100,,,"GARCÍA, Jesús",G000586,1956,,-0.422,-0.879,-44.7271,0.95718,1022,19,,-0.418,-0.909
118,House,21979,21,14,IL,100,,,"UNDERWOOD, Lauren",U000040,1986,,-0.602,0.346,-55.85006,0.95067,1104,21,,-0.645,0.018
118,House,22138,21,15,IL,200,,,"MILLER, Mary E.",M001211,1959,,0.787,-0.154,-115.39447,0.90075,1104,41,,0.718,-0.132
118,House,22304,21,13,IL,100,,,"BUDZINSKI, Nikki",B001315,1977,,-0.323,0.484,-80.83672,0.93007,1115,37,,-0.325,0.497
118,House,22330,21,1,IL,100,,,"JACKSON, Jonathan",J000309,1966,,-0.359,-0.481,-76.72599,0.93233,1095,35,,-0.388,-0.446
118,House,22360,21,3,IL,100,,,"RAMIREZ, Delia",R000617,1983,,-0.496,-0.868,-39.38352,0.9647,1096,12,,-0.739,-0.674
118,House,22365,21,17,IL,100,,,"SORENSEN, Eric",S001225,1976,,-0.244,0.278,-80.13715,0.92725,1061,34,,-0.246,0.288
118,House,29717,21,7,IL,100,,,"DAVIS, Danny K.",D000096,1941,,-0.486,-0.266,-45.64393,0.95824,1070,17,,-0.489,-0.268
118,House,29911,21,9,IL,100,,,"SCHAKOWSKY, Janice D.",S001145,1944,,-0.602,-0.292,-54.75292,0.95061,1081,26,,-0.435,-0.55
118,House,20757,22,7,IN,100,,,"CARSON, André",C001072,1974,,-0.435,0.031,-77.55698,0.93156,1094,30,,-0.494,-0.153
118,House,21132,22,8,IN,200,,,"BUCSHON, Larry",B001275,1962,,0.38,0.385,-117.01451,0.89677,1074,34,,0.325,0.47
118,House,21702,22,3,IN,200,,,"BANKS, James E.",B001299,1979,,0.646,0.012,-122.81823,0.89279,1083,41,,0.661,0.037
118,House,21903,22,4,IN,200,,,"BAIRD, James",B001307,1945,,0.444,0.417,-176.41357,0.85207,1102,73,,0.37,0.248
118,House,21952,22,6,IN,200,,,"PENCE, Gregory",P000615,1956,,0.5,0.237,-148.09061,0.86449,1017,72,,0.424,0.299
118,House,22142,22,1,IN,100,,,"MRVAN, Frank J.",M001214,1969,,-0.308,0.35,-65.99922,0.94192,1103,24,,-0.323,0.414
118,House,22151,22,5,IN,200,,,"SPARTZ, Victoria",S000929,1978,,0.489,-0.252,-220.11986,0.80858,1036,93,,0.559,-0.339
118,House,22171,22,2,IN,200,,,"YAKYM, Rudy, III",Y000067,1984,,0.51,0.137,-114.90833,0.90216,1116,45,,0.518,0.14
118,House,22326,22,9,IN,200,,,"HOUCHIN, Erin",H001093,1976,,0.625,0.21,-99.03745,0.91508,1116,40,,0.628,0.213
118,House,22113,31,4,IA,200,,,"FEENSTRA, Randy",F000446,1969,,0.469,0.176,-123.90335,0.89492,1116,50,,0.486,0.177
118,House,22124,31,2,IA,200,,,"HINSON, Ashley",H001091,1983,,0.348,0.352,-92.67032,0.92004,1112,34,,0.387,0.639
118,House,22139,31,1,IA,200,,,"MILLER-MEEKS, Mariannette",M001215,1955,,0.336,0.193,-139.74835,0.87905,1084,62,,0.35,0.182
118,House,22356,31,3,IA,200,,,"NUNN, Zach",N000193,1979,,0.291,0.196,-173.49188,0.8526,1088,65,,0.291,0.195
118,House,21750,32,4,KS,200,,,"ESTES, Ron",E000298,1956,,0.646,0.106,-109.27146,0.90617,1109,47,,0.658,0.253
118,House,21914,32,3,KS,100,,,"DAVIDS, Sharice",D000629,1980,,-0.268,0.252,-79.77178,0.93096,1115,25,,-0.293,0.289
118,House,22130,32,2,KS,200,,,"LATURNER, Jake",L000266,1988,,0.468,0.445,-136.19987,0.88213,1086,53,,0.452,0.401
118,House,22134,32,1,KS,200,,,"MANN, Tracey",M000871,1976,,0.607,0.068,-131.3908,0.88884,1115,62,,0.532,-0.047
118,House,14854,51,5,KY,200,,,"ROGERS, Harold Dallas (Hal)",R000395,1937,,0.333,0.152,-124.03679,0.89006,1065,39,,0.359,0.781
118,House,20916,51,2,KY,200,,,"GUTHRIE, Brett",G000558,1964,,0.428,0.268,-128.23677,0.89163,1118,57,,0.471,0.345
118,House,21333,51,6,KY,200,,,"BARR, Garland H. (Andy) IV",B001282,1973,,0.486,0.301,-107.0711,0.90401,1061,40,,0.532,0.391
118,House,21565,51,1,KY,200,,,"COMER, James",C001108,1972,,0.593,-0.061,-98.71413,0.91447,1104,38,,0.597,-0.127
118,House,22347,51,3,KY,100,,,"MCGARVEY, Morgan",M001220,1979,,-0.542,0.031,-35.54804,0.96862,1115,12,,-0.539,0.033
118,House,31102,51,4,KY,200,,,"MASSIE, Thomas",M001184,1971,,0.678,-0.735,-241.2738,0.78953,1021,94,,0.606,-0.796
118,House,20759,45,1,LA,200,,,"SCALISE, Steve",S001176,1965,,0.558,0.171,-96.7341,0.90927,1017,35,,0.587,0.224
118,House,21523,45,6,LA,200,,,"GRAVES, Garret",G000577,1972,,0.425,0.049,-182.91888,0.84706,1102,74,,0.397,0.017
118,House,21724,45,3,LA,200,,,"HIGGINS, Clay",H001077,1961,,0.622,-0.313,-130.94034,0.88349,1057,59,,0.628,-0.293
118,House,21727,45,4,LA,200,,,"JOHNSON, Mike",J000299,1972,,0.566,0.018,-51.65842,0.93662,789,25,,0.657,0.155
118,House,22157,45,5,LA,200,,,"LETLOW, Julia",L000595,1981,,0.425,0.355,-164.27499,0.8601,1090,69,,0.413,0.288
118,House,22158,45,2,LA,100,,,"CARTER, Troy",C001125,1963,,-0.507,0.216,-43.45458,0.9613,1101,15,,-0.582,0.261
118,House,20920,2,1,ME,100,,,"PINGREE, Chellie",P000597,1955,,-0.421,-0.367,-49.76799,0.95451,1069,22,,-0.44,-0.321
118,House,21923,2,2,ME,100,,,"GOLDEN, Jared",G000592,1982,,-0.103,0.365,-310.61155,0.74764,1068,110,,-0.085,0.36
118,House,14873,52,5,MD,100,,,"HOYER, Steny Hamilton",H000874,1939,,-0.381,0.122,-60.18835,0.94429,1050,19,,-0.489,0.376
118,House,15433,52,7,MD,100,,,"MFUME, Kweisi",M000687,1948,,-0.443,-0.331,-53.48393,0.95186,1084,18,,-0.417,-0.146
118,House,20329,52,2,MD,100,,,"RUPPERSBERGER, C. A. (Dutch)",R000576,1946,,-0.299,0.12,-66.53266,0.93883,1054,26,,-0.406,0.121
118,House,20724,52,3,MD,100,,,"SARBANES, John",S001168,1962,,-0.466,-0.078,-43.77373,0.96049,1086,19,,-0.444,-0.134
118,House,21139,52,1,MD,200,,,"HARRIS, Andy",H001052,1957,,0.672,-0.373,-182.06029,0.84759,1101,73,,0.677,-0.308
118,House,21741,52,8,MD,100,,,"RASKIN, Jamie Ben",R000606,1962,,-0.514,-0.235,-44.72986,0.96033,1105,21,,-0.446,-0.235
118,House,21978,52,6,MD,100,,,"TRONE, David",T000483,1955,,-0.348,0.23,-53.61892,0.94649,975,17,,-0.412,0.326
118,House,22329,52,4,MD,100,,,"IVEY, Glenn",I000058,1961,,-0.476,-0.017,-40.33009,0.96426,1108,18,,-0.497,0.007
118,House,15616,3,1,MA,100,,,"NEAL, Richard Edmund",N000015,1949,,-0.417,-0.107,-48.20336,0.95709,1099,24,,-0.471,-0.07
118,House,20119,3,8,MA,100,,,"LYNCH, Stephen F.",L000562,1955,,-0.345,0.051,-84.29909,0.9259,1095,34,,-0.306,0.098
118,House,21140,3,9,MA,100,,,"KEATING, William R.",K000375,1952,,-0.331,-0.098,-67.92044,0.93954,1089,28,,-0.37,0.093
118,House,21375,3,5,MA,100,,,"CLARK, Katherine M.",C001101,1963,,-0.484,-0.27,-42.10191,0.96304,1118,17,,-0.515,0.008
118,House,21525,3,6,MA,100,,,"MOULTON, Seth",M001196,1978,,-0.285,-0.039,-82.60161,0.9274,1096,31,,-0.286,0.018
118,House,21955,3,7,MA,100,,,"PRESSLEY, Ayanna",P000617,1974,,-0.349,-0.937,-47.63491,0.95622,1064,14,,-0.739,-0.674
118,House,21977,3,3,MA,100,,,"TRAHAN, Lori",T000482,1973,,-0.423,-0.134,-41.69916,0.96293,1104,20,,-0.415,-0.133
118,House,22100,3,4,MA,100,,,"AUCHINCLOSS, Jake",A000148,1988,,-0.308,-0.266,-101.14294,0.91177,1095,39,,-0.31,-0.196
118,House,29729,3,2,MA,100,,,"McGOVERN, James P.",M000312,1959,,-0.538,-0.338,-53.18501,0.95326,1111,30,,-0.422,-0.579
118,House,20725,23,5,MI,200,,,"WALBERG, Tim",W000798,1951,,0.499,0.158,-127.402,0.89138,1108,56,,0.471,0.222
118,House,21142,23,4,MI,200,,,"HUIZENGA, Bill",H001058,1969,,0.533,0.042,-155.80904,0.86882,1108,62,,0.457,0.049
118,House,21372,23,8,MI,100,,,"KILDEE, Dan",K000380,1958,,-0.359,-0.183,-120.25746,0.89472,1081,41,,-0.235,-0.198
118,House,21526,23,2,MI,200,,,"MOOLENAAR, John",M001194,1961,,0.448,0.162,-149.30763,0.87457,1114,60,,0.431,0.068
118,House,21529,23,6,MI,100,,,"DINGELL, Debbie",D000624,1953,,-0.4,-0.188,-43.81408,0.95966,1064,18,,-0.358,-0.311
118,House,21704,23,1,MI,200,,,"BERGMAN, John",B001301,1947,,0.432,0.08,-146.68123,0.87621,1110,56,,0.424,0.046
118,House,21965,23,7,MI,100,,,"SLOTKIN, Elissa",S001208,1976,,-0.331,0.719,-88.06331,0.92393,1113,27,,-0.302,0.426
118,House,21972,23,11,MI,100,,,"STEVENS, Haley",S001215,1983,,-0.395,0.271,-66.3716,0.94236,1118,30,,-0.398,0.171
118,House,21975,23,12,MI,100,,,"TLAIB, Rashida",T000481,1976,,-0.29,-0.957,-58.96316,0.94744,1092,20,,-0.981,-0.192
118,House,22136,23,9,MI,200,,,"MCCLAIN, Lisa C.",M001136,1966,,0.551,0.149,-112.10437,0.90184,1085,46,,0.543,0.167
118,House,22332,23,10,MI,200,,,"JAMES, John",J000307,1981,,0.311,0.413,-109.08249,0.90485,1091,42,,0.311,0.413
118,House,22363,23,3,MI,100,,,"SCHOLTEN, Hillary",S001221,1982,,-0.254,0.209,-82.21412,0.92867,1111,27,,-0.258,0.217
118,House,22368,23,13,MI,100,,,"THANEDAR, Shri",T000488,1955,,-0.366,-0.018,-60.43221,0.94738,1118,30,,-0.351,-0.044
118,House,20122,33,4,MN,100,,,"McCOLLUM, Betty",M001143,1954,,-0.419,-0.185,-58.08255,0.94906,1111,28,,-0.493,-0.114
118,House,21531,33,6,MN,200,,,"EMMER, Thomas Earl II",E000294,1961,,0.467,-0.072,-124.23672,0.89447,1114,49,,0.531,0.012
118,House,21910,33,2,MN,100,,,"CRAIG, Angela",C001119,1972,,-0.26,0.584,-118.35547,0.89728,1092,51,,-0.24,0.539
118,House,21950,33,5,MN,100,,,"OMAR, Ilhan",O000173,1982,,-0.296,-0.955,-73.32937,0.93551,1100,30,,-0.981,-0.192
118,House,21953,33,3,MN,100,,,"PHILLIPS, Dean",P000616,1969,,-0.277,0.167,-59.22507,0.92907,805,23,,-0.28,0.161
118,House,21969,33,8,MN,200,,,"STAUBER, Peter",S001212,1966,,0.383,-0.096,-153.54725,0.86359,1047,67,,0.445,-0.036
118,House,22114,33,7,MN,200,,,"FISCHBACH, Michelle",F000470,1965,,0.538,-0.028,-117.06084,0.9,1111,55,,0.56,-0.099
118,House,22167,33,1,MN,200,,,"FINSTAD, Brad",F000475,1976,,0.547,-0.044,-106.74303,0.90839,1111,46,,0.553,-0.058
118,House,21561,46,1,MS,200,,,"KELLY, Trent",K000388,1966,,0.638,0.295,-105.3296,0.91001,1117,44,,0.693,0.385
118,House,21927,46,3,MS,200,,,"GUEST, Michael",G000591,1970,,0.53,0.126,-131.43663,0.88737,1100,69,,0.523,0.104
118,House,22319,46,4,MS,200,,,"EZELL, Mike",E000235,1959,,0.559,0.181,-106.21626,0.90617,1078,58,,0.56,0.181
118,House,29368,46,2,MS,100,,,"THOMPSON, Bennie",T000193,1948,,-0.518,0.39,-39.86696,0.96425,1095,10,,-0.607,0.317
118,House,20124,34,6,MO,200,,,"GRAVES, Samuel",G000546,1963,,0.448,0.164,-161.51613,0.86332,1099,59,,0.451,0.087
118,House,20517,34,5,MO,100,,,"CLEAVER, Emanuel, II",C001061,1944,,-0.453,0.0,-36.69229,0.96119,927,18,,-0.447,-0.168
118,House,20926,34,3,MO,200,,,"LUETKEMEYER, Blaine",L000569,1952,,0.45,0.247,-113.47165,0.89597,1033,40,,0.493,0.347
118,House,21337,34,2,MO,200,,,"WAGNER, Ann",W000812,1962,,0.39,0.297,-130.6126,0.88794,1099,58,,0.349,0.362
118,House,21373,34,8,MO,200,,,"SMITH, Jason",S001195,1980,,0.577,0.209,-116.30345,0.898,1081,60,,0.521,0.05
118,House,22106,34,1,MO,100,,,"BUSH, Cori",B001224,1976,,-0.247,-0.969,-53.47467,0.94213,897,18,,-0.981,-0.192
118,House,22300,34,4,MO,200,,,"ALFORD, Mark",A000379,1963,,0.586,0.039,-102.32707,0.91224,1114,47,,0.588,0.04
118,House,22305,34,7,MO,200,,,"BURLISON, Eric",B001316,1976,,0.717,-0.518,-83.02551,0.92704,1096,30,,0.711,-0.521
118,House,21532,64,1,MT,200,,,"ZINKE, Ryan",Z000018,1961,,0.44,-0.136,-191.27421,0.83932,1092,88,,0.464,-0.101
118,House,22148,64,2,MT,200,,,"ROSENDALE, Matthew M., Sr.",R000103,1960,,0.753,-0.658,-123.27088,0.89525,1114,53,,0.739,-0.674
118,House,20729,35,3,NE,200,,,"SMITH, Adrian",S001172,1970,,0.511,0.251,-110.0853,0.90394,1090,44,,0.513,0.347
118,House,21701,35,2,NE,200,,,"BACON, Donald J.",B001298,1963,,0.286,0.189,-134.92999,0.88525,1107,51,,0.237,0.372
118,House,22166,35,1,NE,200,,,"FLOOD, Mike",F000474,1975,,0.461,0.759,-111.83551,0.90391,1107,43,,0.442,0.681
118,House,20927,65,1,NV,100,,,"TITUS, Alice (Dina)",T000468,1950,,-0.297,-0.165,-81.91,0.92657,1074,37,,-0.284,0.021
118,House,21196,65,2,NV,200,,,"AMODEI, Mark E.",A000369,1958,,0.385,0.21,-125.85144,0.89263,1108,56,,0.418,0.331
118,House,21339,65,4,NV,100,,,"HORSFORD, Steven",H001066,1973,,-0.323,0.146,-87.70045,0.92249,1087,37,,-0.269,0.133
118,House,21938,65,3,NV,100,,,"LEE, Susie",L000590,1966,,-0.23,0.306,-108.04703,0.90395,1070,45,,-0.2,0.237
118,House,21340,4,2,NH,100,,,"KUSTER, Ann McLane",K000382,1956,,-0.264,-0.086,-54.33624,0.95003,1060,22,,-0.325,0.06
118,House,21951,4,1,NH,100,,,"PAPPAS, Chris",P000614,1980,,-0.236,0.342,-99.31769,0.91448,1111,42,,-0.216,0.347
118,House,14863,12,4,NJ,200,,,"SMITH, Christopher Henry",S000522,1953,,0.18,-0.173,-272.50539,0.77951,1094,130,,0.302,-0.047
118,House,15454,12,6,NJ,100,,,"PALLONE, Frank, Jr.",P000034,1951,,-0.402,-0.162,-94.10157,0.91914,1116,32,,-0.322,-0.187
118,House,21536,12,1,NJ,100,,,"NORCROSS, Donald",N000188,1958,,-0.419,0.34,-54.95713,0.94934,1057,26,,-0.383,0.344
118,House,21538,12,12,NJ,100,,,"WATSON COLEMAN, Bonnie",W000822,1945,,-0.596,-0.223,-47.62028,0.95308,991,25,,-0.479,-0.399
118,House,21723,12,5,NJ,100,,,"GOTTHEIMER, Josh S.",G000583,1975,,-0.162,0.21,-110.53742,0.89962,1045,32,,-0.206,0.202
118,House,21937,12,3,NJ,100,,,"KIM, Andy",K000394,1982,,-0.382,0.207,-68.18887,0.93408,1000,25,,-0.43,-0.077
118,House,21964,12,11,NJ,100,,,"SHERRILL, Mikie",S001207,1972,,-0.235,0.25,-77.85605,0.92853,1050,32,,-0.293,0.283
118,House,22334,12,7,NJ,200,,,"KEAN, Thomas",K000398,1968,,0.195,0.372,-92.37474,0.92029,1112,32,,0.194,0.372
118,House,22348,12,8,NJ,100,,,"MENENDEZ, Robert",M001226,1985,,-0.503,0.25,-50.88343,0.955,1105,20,,-0.487,0.216
118,House,22381,12,10,NJ,100,,,"MCIVER, LaMonica",M001229,1986,,-0.483,-0.204,-0.87317,0.98624,63,0,,-0.398,-0.25
118,House,29741,12,9,NJ,100,,,"PASCRELL, William J., Jr.",P000096,1937,2024.0,-0.369,-0.004,-46.29041,0.95239,949,16,,-0.498,0.212
118,House,31103,12,10,NJ,100,,,"PAYNE, Donald, Jr.",P000604,1958,2024.0,-0.52,-0.096,-21.28424,0.97001,699,7,,-0.534,0.035
118,House,91980,12,2,NJ,200,,,"VAN DREW, Jefferson",V000133,1953,,0.383,-0.443,-159.52991,0.86624,1111,49,,0.448,-0.299
118,House,22131,66,3,NM,100,,,"LEGER FERNANDEZ, Teresa",L000273,1959,,-0.357,-0.188,-59.24659,0.94672,1082,21,,-0.347,-0.182
118,House,22159,66,1,NM,100,,,"STANSBURY, Melanie Ann",S001218,1979,,-0.459,-0.181,-45.34978,0.95932,1092,17,,-0.455,-0.172
118,House,22371,66,2,NM,100,,,"VASQUEZ, Gabriel",V000136,1984,,-0.317,0.525,-112.11912,0.90434,1115,43,,-0.303,0.494
118,House,20519,13,26,NY,100,,,"HIGGINS, Brian",H001038,1959,,-0.348,-0.032,-37.78669,0.94548,674,17,,-0.333,-0.035
118,House,20733,13,9,NY,100,,,"CLARKE, Yvette Diane",C001067,1964,,-0.607,-0.257,-46.56154,0.95885,1108,22,,-0.514,-0.458
118,House,20934,13,20,NY,100,,,"TONKO, Paul",T000469,1949,,-0.415,-0.262,-53.42651,0.95301,1110,18,,-0.352,-0.293
118,House,21342,13,6,NY,100,,,"MENG, Grace",M001188,1975,,-0.372,-0.207,-62.94172,0.94334,1079,25,,-0.324,-0.252
118,House,21343,13,8,NY,100,,,"JEFFRIES, Hakeem",J000294,1970,,-0.487,-0.065,-36.18387,0.96798,1112,13,,-0.491,0.08
118,House,21541,13,21,NY,200,,,"STEFANIK, Elise M",S001196,1984,,0.305,-0.115,-180.27805,0.84972,1107,74,,0.485,0.243
118,House,21715,13,13,NY,100,,,"ESPAILLAT, Adriano J.",E000297,1954,,-0.536,-0.207,-74.63325,0.93457,1103,34,,-0.36,-0.31
118,House,21747,13,3,NY,100,,,"SUOZZI, Thomas",S001201,1962,,-0.218,0.128,-35.04557,0.9175,407,13,,-0.253,0.331
118,House,21749,13,24,NY,200,,,"TENNEY, Claudia",T000478,1961,,0.463,0.007,-147.57601,0.87551,1110,67,,0.488,0.035
118,House,21761,13,25,NY,100,,,"MORELLE, Joseph D.",M001206,1957,,-0.327,0.152,-62.2812,0.94436,1088,28,,-0.323,0.137
118,House,21949,13,14,NY,100,,,"OCASIO-CORTEZ, Alexandria",O000172,1989,,-0.318,-0.948,-52.24863,0.95307,1087,17,,-0.739,-0.674
118,House,22105,13,16,NY,100,,,"BOWMAN, Jamaal",B001223,1976,,-0.357,-0.934,-48.57108,0.95071,961,16,,-0.739,-0.674
118,House,22117,13,2,NY,200,,,"GARBARINO, Andrew R.",G000597,1984,,0.244,0.236,-91.8204,0.91619,1049,34,,0.222,0.285
118,House,22133,13,11,NY,200,,,"MALLIOTAKIS, Nicole",M000317,1980,,0.339,-0.08,-167.88181,0.85738,1091,64,,0.363,-0.069
118,House,22154,13,15,NY,100,,,"TORRES, Ritchie",T000486,1988,,-0.308,-0.106,-92.4844,0.918,1081,44,,-0.312,-0.008
118,House,22169,13,18,NY,100,,,"RYAN, Patrick",R000579,1982,,-0.24,0.263,-89.22212,0.92283,1111,35,,-0.239,0.275
118,House,22313,13,4,NY,200,,,"D'ESPOSITO, Anthony",D000632,1982,,0.24,0.188,-122.84476,0.89077,1062,47,,0.24,0.188
118,House,22324,13,10,NY,100,,,"GOLDMAN, Daniel",G000599,1976,,-0.443,0.136,-53.65984,0.95059,1059,21,,-0.428,0.105
118,House,22337,13,1,NY,200,,,"LALOTA, Nicholas",L000598,1978,,0.255,0.097,-177.46249,0.85114,1101,67,,0.254,0.096
118,House,22339,13,23,NY,200,,,"LANGWORTHY, Nick",L000600,1981,,0.418,-0.059,-132.06191,0.88399,1071,59,,0.418,-0.06
118,House,22340,13,17,NY,200,,,"LAWLER, Michael",L000599,1986,,0.189,0.254,-112.87905,0.90281,1104,35,,0.187,0.253
118,House,22351,13,19,NY,200,,,"MOLINARO, Marcus",M001221,1975,,0.25,0.104,-161.15509,0.86138,1080,71,,0.25,0.104
118,House,22362,13,3,NY,200,,,"SANTOS, George",S001222,1988,,0.473,-0.421,-117.88222,0.81608,580,47,,0.473,-0.42
118,House,22372,13,22,NY,200,,,"WILLIAMS, Brandon",W000828,1967,,0.314,0.11,-146.79636,0.86871,1043,78,,0.314,0.11
118,House,22377,13,26,NY,100,,,"KENNEDY, Timothy M.",K000402,1976,,-0.327,0.164,-22.61373,0.92921,308,10,,-0.372,0.295
118,House,29377,13,12,NY,100,,,"NADLER, Jerrold Lewis",N000002,1947,,-0.507,-0.479,-47.5313,0.95702,1082,20,,-0.448,-0.39
118,House,29378,13,7,NY,100,,,"VELÁZQUEZ, Nydia M.",V000081,1953,,-0.546,-0.367,-45.15595,0.9589,1076,19,,-0.444,-0.606
118,House,29776,13,5,NY,100,,,"MEEKS, Gregory W.",M001137,1953,,-0.416,-0.063,-47.85096,0.95732,1097,18,,-0.518,0.192
118,House,20521,47,5,NC,200,,,"FOXX, Virginia Ann",F000450,1943,,0.623,0.172,-160.4822,0.8655,1111,63,,0.592,0.18
118,House,20522,47,10,NC,200,,,"McHENRY, Patrick T.",M001156,1975,,0.524,0.156,-140.34596,0.8588,922,64,,0.476,0.194
118,House,21346,47,9,NC,200,,,"HUDSON, Richard",H001067,1971,,0.523,0.211,-148.52453,0.87118,1077,56,,0.504,0.241
118,House,21544,47,7,NC,200,,,"ROUZER, David",R000603,1972,,0.566,0.289,-102.80185,0.91185,1114,39,,0.67,0.641
118,House,21545,47,12,NC,100,,,"ADAMS, Alma",A000370,1946,,-0.464,-0.005,-37.73431,0.96628,1100,14,,-0.447,-0.1
118,House,21986,47,8,NC,200,,,"BISHOP, Dan",B001311,1964,,0.703,-0.366,-110.8075,0.89912,1042,47,,0.67,-0.443
118,House,21987,47,3,NC,200,,,"MURPHY, Gregory Francis",M001210,1963,,0.486,0.126,-136.81415,0.86807,967,62,,0.49,0.216
118,House,22135,47,6,NC,100,,,"MANNING, Kathy E.",M001135,1956,,-0.276,0.348,-76.6194,0.93348,1113,29,,-0.28,0.395
118,House,22149,47,2,NC,100,,,"ROSS, Deborah K.",R000305,1963,,-0.402,0.027,-41.32208,0.96307,1098,19,,-0.398,-0.06
118,House,22314,47,1,NC,100,,,"DAVIS, Don",D000230,1971,,-0.254,0.87,-131.45651,0.8853,1079,56,,-0.259,0.893
118,House,22318,47,11,NC,200,,,"EDWARDS, Chuck",E000246,1960,,0.381,0.476,-166.58239,0.85959,1101,46,,0.381,0.476
118,House,22320,47,4,NC,100,,,"FOUSHEE, Valerie",F000477,1956,,-0.53,-0.254,-34.36285,0.96894,1089,12,,-0.529,-0.253
118,House,22331,47,14,NC,100,,,"JACKSON, Jeff",J000308,1982,,-0.263,0.171,-77.04034,0.93176,1090,33,,-0.263,0.171
118,House,22355,47,13,NC,100,,,"NICKEL, Wiley",N000194,1975,,-0.243,0.246,-87.05238,0.9227,1082,34,,-0.243,0.246
118,House,21901,36,1,ND,200,,,"ARMSTRONG, Kelly",A000377,1976,,0.449,0.064,-154.01432,0.86417,1055,72,,0.419,0.064
118,House,21996,95,0,MP,100,,,"SABLAN, Gregorio Kilili Camacho",S001177,1955,,-0.419,-0.252,-15.9778,0.96187,411,6,,-0.381,-0.356
118,House,15029,24,9,OH,100,,,"KAPTUR, Marcia Carolyn (Marcy)",K000009,1946,,-0.345,0.13,-142.87104,0.87757,1094,61,,-0.292,0.341
118,House,20342,24,10,OH,200,,,"TURNER, Michael R.",T000463,1960,,0.267,0.254,-119.59218,0.89167,1043,44,,0.234,0.476
118,House,20738,24,4,OH,200,,,"JORDAN, Jim",J000289,1964,,0.714,-0.189,-80.43482,0.92949,1100,29,,0.671,-0.199
118,House,20755,24,5,OH,200,,,"LATTA, Robert E.",L000566,1956,,0.509,0.284,-110.10522,0.90629,1119,37,,0.483,0.245
118,House,21162,24,6,OH,200,,,"JOHNSON, Bill",J000292,1954,,0.436,0.235,-78.83363,0.88725,659,36,,0.535,0.435
118,House,21351,24,2,OH,200,,,"WENSTRUP, Brad",W000815,1958,,0.527,0.289,-104.03981,0.91061,1111,38,,0.543,0.397
118,House,21352,24,3,OH,100,,,"BEATTY, Joyce",B001281,1950,,-0.436,0.011,-39.05489,0.96471,1087,16,,-0.444,-0.152
118,House,21353,24,14,OH,200,,,"JOYCE, David",J000295,1957,,0.251,0.315,-95.46393,0.91148,1030,31,,0.236,0.416
118,House,21564,24,8,OH,200,,,"DAVIDSON, Warren",D000626,1970,,0.656,-0.36,-158.55426,0.86565,1099,68,,0.611,-0.406
118,House,21759,24,12,OH,200,,,"BALDERSON, Troy",B001306,1962,,0.46,0.2,-113.18459,0.90372,1118,41,,0.513,0.262
118,House,22161,24,11,OH,100,,,"BROWN, Shontel  M.",B001313,1975,,-0.449,-0.118,-35.29249,0.96882,1114,12,,-0.441,-0.133
118,House,22162,24,15,OH,200,,,"CAREY, Mike",C001126,1971,,0.407,-0.001,-166.42642,0.86123,1114,82,,0.407,0.009
118,House,22338,24,1,OH,100,,,"LANDSMAN, Greg",L000601,1976,,-0.221,0.22,-93.3697,0.91659,1072,35,,-0.217,0.204
118,House,22349,24,7,OH,200,,,"MILLER, Max",M001222,1988,,0.389,0.049,-161.80131,0.85966,1070,85,,0.389,0.048
118,House,22367,24,13,OH,100,,,"SYKES, Emilia",S001223,1986,,-0.318,0.145,-63.92345,0.94304,1090,34,,-0.333,0.152
118,House,22379,24,6,OH,200,,,"RULLI, Michael A.",R000619,1969,,0.406,-0.083,-32.31742,0.85861,212,17,,0.405,-0.087
118,House,20344,53,4,OK,200,,,"COLE, Tom",C001053,1949,,0.323,0.412,-84.87566,0.92522,1092,25,,0.332,0.75
118,House,21760,53,1,OK,200,,,"HERN, Kevin",H001082,1961,,0.681,-0.06,-83.44298,0.92771,1112,29,,0.651,-0.098
118,House,22102,53,5,OK,200,,,"BICE, Stephanie I.",B000740,1973,,0.412,0.325,-125.77431,0.89333,1115,61,,0.403,0.277
118,House,22303,53,2,OK,200,,,"BRECHEEN, Josh",B001317,1979,,0.854,-0.474,-78.63172,0.93119,1103,36,,0.853,-0.477
118,House,29393,53,3,OK,200,,,"LUCAS, Frank D.",L000491,1960,,0.361,0.452,-82.0352,0.92646,1074,28,,0.384,0.85
118,House,21198,72,1,OR,100,,,"BONAMICI, Suzanne",B001278,1954,,-0.398,-0.417,-43.09371,0.96009,1058,12,,-0.44,-0.417
118,House,22101,72,2,OR,200,,,"BENTZ, Cliff",B000668,1952,,0.479,0.26,-115.59798,0.90135,1113,42,,0.474,0.232
118,House,22308,72,5,OR,200,,,"CHAVEZ-DEREMER, Lori",C001135,1968,,0.167,0.426,-110.74436,0.90406,1098,42,,0.167,0.426
118,House,22327,72,4,OR,100,,,"HOYLE, Val",H001094,1964,,-0.219,-0.372,-77.16155,0.9316,1089,31,,-0.226,-0.376
118,House,22361,72,6,OR,100,,,"SALINAS, Andrea",S001226,1969,,-0.208,-0.197,-74.87914,0.9346,1107,35,,-0.205,-0.194
118,House,29588,72,3,OR,100,,,"BLUMENAUER, Earl",B000574,1948,,-0.426,-0.626,-52.25913,0.94953,1009,24,,-0.475,-0.402
118,House,20946,14,15,PA,200,,,"THOMPSON, Glenn",T000467,1959,,0.335,0.334,-157.28359,0.86788,1110,63,,0.367,0.29
118,House,21167,14,16,PA,200,,,"KELLY, Mike",K000376,1948,,0.377,0.396,-115.36309,0.89104,1000,39,,0.436,0.576
118,House,21356,14,10,PA,200,,,"PERRY, Scott",P000605,1962,,0.681,-0.48,-102.86997,0.90954,1085,41,,0.781,-0.537
118,House,21358,14,8,PA,100,,,"CARTWRIGHT, Matt",C001090,1961,,-0.344,0.042,-118.25905,0.89745,1093,50,,-0.306,0.308
118,House,21548,14,2,PA,100,,,"BOYLE, Brendan Francis",B001296,1977,,-0.382,0.153,-79.04523,0.92961,1083,36,,-0.345,0.194
118,House,21566,14,3,PA,100,,,"EVANS, Dwight",E000296,1954,,-0.467,-0.156,-35.68889,0.95522,779,14,,-0.474,-0.266
118,House,21718,14,1,PA,200,,,"FITZPATRICK, Brian K.",F000466,1973,,0.139,-0.101,-245.88986,0.80241,1117,114,,0.111,-0.044
118,House,21745,14,11,PA,200,,,"SMUCKER, Lloyd K.",S001199,1964,,0.453,0.133,-153.84981,0.87068,1111,60,,0.47,0.096
118,House,21762,14,5,PA,100,,,"SCANLON, Mary Gay",S001205,1959,,-0.443,-0.218,-41.58869,0.96163,1063,18,,-0.449,-0.339
118,House,21763,14,7,PA,100,,,"WILD, Susan",W000826,1957,,-0.261,0.305,-110.59003,0.90181,1070,51,,-0.25,0.266
118,House,21915,14,4,PA,100,,,"DEAN, Madeleine",D000631,1959,,-0.448,-0.07,-41.61692,0.96304,1105,19,,-0.433,-0.113
118,House,21934,14,6,PA,100,,,"HOULAHAN, Christina",H001085,1967,,-0.257,0.239,-107.57171,0.90602,1090,41,,-0.234,0.092
118,House,21936,14,13,PA,200,,,"JOYCE, John",J000302,1957,,0.577,-0.016,-128.67469,0.8911,1116,52,,0.582,-0.058
118,House,21945,14,9,PA,200,,,"MEUSER, Dan",M001204,1964,,0.492,0.192,-131.09158,0.8858,1081,57,,0.464,0.101
118,House,21956,14,14,PA,200,,,"RESCHENTHALER, Guy",R000610,1983,,0.444,0.056,-136.17947,0.88474,1112,62,,0.555,0.133
118,House,22316,14,17,PA,100,,,"DELUZIO, Chris",D000530,1984,,-0.24,-0.148,-107.65706,0.90772,1112,40,,-0.239,-0.147
118,House,22342,14,12,PA,100,,,"LEE, Summer",L000602,1987,,-0.414,-0.91,-43.57729,0.96181,1119,12,,-0.739,-0.674
118,House,21992,92,0,PR,200,,,"GONZÁLEZ-CÓLON, Jenniffer",G000582,1976,,0.221,0.456,-79.24216,0.81178,380,40,,0.222,0.532
118,House,21172,5,1,RI,100,,,"CICILLINE, David N.",C001084,1961,,-0.389,-0.262,-7.12944,0.96614,207,1,,-0.45,0.016
118,House,22345,5,2,RI,100,,,"MAGAZINER, Seth",M001223,1983,,-0.331,0.196,-57.5465,0.94493,1016,25,,-0.342,0.222
118,House,22375,5,1,RI,100,,,"AMO, Gabe",A000380,1987,,-0.485,-0.007,-23.05383,0.95751,531,9,,-0.529,0.038
118,House,20138,48,2,SC,200,,,"WILSON, Addison Graves (Joe)",W000795,1947,,0.53,0.162,-144.26286,0.87656,1095,64,,0.597,0.371
118,House,21174,48,3,SC,200,,,"DUNCAN, Jeff",D000615,1966,,0.695,-0.095,-99.82885,0.91286,1095,40,,0.651,-0.176
118,House,21753,48,5,SC,200,,,"NORMAN, Ralph",N000190,1953,,0.847,-0.383,-103.82833,0.90961,1096,45,,0.816,-0.445
118,House,21974,48,4,SC,200,,,"TIMMONS, William",T000480,1984,,0.599,0.056,-95.6265,0.91781,1115,37,,0.625,-0.032
118,House,22132,48,1,SC,200,,,"MACE, Nancy",M000194,1977,,0.338,-0.283,-301.67426,0.75472,1072,166,,0.309,-0.338
118,House,22322,48,7,SC,200,,,"FRY, Russell",F000478,1985,,0.528,-0.271,-133.17899,0.88722,1113,51,,0.523,-0.272
118,House,39301,48,6,SC,100,,,"CLYBURN, James Enos",C000537,1940,,-0.466,0.246,-46.60543,0.95866,1104,14,,-0.584,0.232
118,House,21935,37,1,SD,200,,,"JOHNSON, Dustin",J000301,1976,,0.465,0.138,-109.31782,0.90613,1109,41,,0.51,0.176
118,House,20748,54,9,TN,100,,,"COHEN, Stephen",C001068,1949,,-0.391,-0.294,-95.6414,0.91449,1070,35,,-0.351,-0.048
118,House,21178,54,3,TN,200,,,"FLEISCHMANN, Chuck",F000459,1962,,0.432,0.392,-168.10251,0.86028,1117,71,,0.336,0.323
118,House,21179,54,4,TN,200,,,"DESJARLAIS, Scott",D000616,1964,,0.579,-0.051,-114.21834,0.89803,1062,55,,0.607,0.013
118,House,21731,54,8,TN,200,,,"KUSTOFF, David",K000392,1966,,0.542,0.343,-148.73138,0.87223,1088,63,,0.581,0.446
118,House,21905,54,2,TN,200,,,"BURCHETT, Timothy",B001309,1964,,0.667,-0.423,-141.8468,0.88074,1117,60,,0.674,-0.572
118,House,21926,54,7,TN,200,,,"GREEN, Mark",G000590,1964,,0.67,0.016,-87.85931,0.91869,1036,39,,0.653,0.004
118,House,21959,54,6,TN,200,,,"ROSE, John",R000612,1965,,0.666,0.114,-122.23532,0.89401,1091,56,,0.623,0.107
118,House,22122,54,1,TN,200,,,"HARSHBARGER, Diana",H001086,1960,,0.677,-0.083,-108.84703,0.90707,1116,46,,0.699,-0.157
118,House,22357,54,5,TN,200,,,"OGLES, Andy",O000175,1971,,0.809,-0.356,-83.39507,0.92595,1084,41,,0.802,-0.359
118,House,20355,49,26,TX,200,,,"BURGESS, Michael C.",B001248,1950,,0.565,-0.164,-187.16915,0.84222,1090,80,,0.504,-0.138
118,House,20356,49,31,TX,200,,,"CARTER, John R.",C001051,1941,,0.486,0.553,-133.6702,0.87127,970,59,,0.439,0.334
118,House,20529,49,9,TX,100,,,"GREEN, Al",G000553,1947,,-0.445,0.264,-105.30361,0.90783,1089,34,,-0.499,-0.153
118,House,20530,49,10,TX,200,,,"McCAUL, Michael T.",M001157,1962,,0.411,0.172,-158.17289,0.86388,1081,65,,0.39,0.264
118,House,20533,49,28,TX,100,,,"CUELLAR, Henry",C001063,1955,,-0.226,0.633,-188.30896,0.84174,1093,92,,-0.193,0.67
118,House,21360,49,14,TX,200,,,"WEBER, Randy",W000814,1953,,0.723,0.019,-83.41204,0.92691,1099,32,,0.666,-0.04
118,House,21362,49,20,TX,100,,,"CASTRO, Joaquin",C001091,1974,,-0.399,-0.122,-62.4419,0.93935,998,30,,-0.39,-0.463
118,House,21364,49,25,TX,200,,,"WILLIAMS, Roger",W000816,1949,,0.595,0.052,-82.63903,0.92347,1038,21,,0.638,-0.024
118,House,21365,49,33,TX,100,,,"VEASEY, Marc",V000131,1971,,-0.406,0.349,-124.86158,0.89343,1108,48,,-0.541,0.841
118,House,21551,49,36,TX,200,,,"BABIN, Brian",B001291,1948,,0.711,0.109,-77.77943,0.93082,1085,31,,0.71,0.144
118,House,21700,49,19,TX,200,,,"ARRINGTON, Jodey Cook",A000375,1972,,0.644,-0.003,-145.48422,0.8722,1064,51,,0.613,0.052
118,House,21722,49,34,TX,100,,,"GONZALEZ, Vicente Jr.",G000581,1967,,-0.384,0.831,-188.1902,0.84063,1084,85,,-0.349,0.937
118,House,21758,49,27,TX,200,,,"CLOUD, Michael",C001115,1975,,0.687,-0.361,-93.40871,0.91894,1105,40,,0.709,-0.461
118,House,21900,49,32,TX,100,,,"ALLRED, Colin",A000376,1983,,-0.422,0.723,-107.17746,0.90788,1109,51,,-0.445,0.875
118,House,21911,49,2,TX,200,,,"CRENSHAW, Daniel",C001120,1984,,0.434,0.275,-147.10731,0.86471,1012,64,,0.507,0.534
118,House,21917,49,16,TX,100,,,"ESCOBAR, Veronica",E000299,1969,,-0.489,-0.257,-43.4521,0.9602,1070,20,,-0.525,-0.137
118,House,21919,49,7,TX,100,,,"FLETCHER, Elizabeth",F000468,1975,,-0.5,0.866,-149.85806,0.87111,1086,63,,-0.525,0.851
118,House,21922,49,29,TX,100,,,"GARCIA, Sylvia",G000587,1950,,-0.782,0.322,-68.69632,0.93837,1080,28,,-0.486,-0.193
118,House,21925,49,5,TX,200,,,"GOODEN, Lance",G000589,1982,,0.723,-0.059,-114.68966,0.90141,1105,43,,0.609,-0.099
118,House,21961,49,21,TX,200,,,"ROY, Charles",R000614,1972,,0.8,-0.6,-98.02454,0.91415,1092,44,,0.801,-0.599
118,House,22112,49,4,TX,200,,,"FALLON, Pat",F000246,1967,,0.715,0.121,-84.1099,0.92587,1092,37,,0.714,0.103
118,House,22119,49,23,TX,200,,,"GONZALES, Tony",G000594,1980,,0.34,0.234,-153.27766,0.86284,1039,57,,0.356,0.23
118,House,22125,49,13,TX,200,,,"JACKSON, Ronny",J000304,1967,,0.779,0.145,-81.24526,0.92714,1074,30,,0.77,0.125
118,House,22143,49,22,TX,200,,,"NEHLS, Troy E.",N000026,1968,,0.611,-0.244,-99.84865,0.90752,1029,36,,0.59,-0.345
118,House,22147,49,11,TX,200,,,"PFLUGER, August",P000048,1977,,0.636,0.37,-109.97656,0.90599,1114,43,,0.594,0.308
118,House,22155,49,24,TX,200,,,"VAN DUYNE, Beth",V000134,1970,,0.603,0.003,-102.08427,0.91206,1109,42,,0.679,0.081
118,House,22160,49,6,TX,200,,,"ELLZEY, Jake",E000071,1970,,0.515,0.698,-150.01527,0.8739,1113,74,,0.536,0.844
118,House,22307,49,35,TX,100,,,"CASAR, Greg",C001131,1989,,-0.408,-0.872,-42.71513,0.96191,1100,17,,-0.405,-0.872
118,House,22312,49,30,TX,100,,,"CROCKETT, Jasmine",C001130,1981,,-0.506,-0.204,-44.38407,0.95948,1073,15,,-0.503,-0.205
118,House,22315,49,15,TX,200,,,"DE LA CRUZ, Monica",D000594,1974,,0.466,0.138,-125.2169,0.88985,1073,51,,0.466,0.138
118,House,22328,49,38,TX,200,,,"HUNT, Wesley",H001095,1981,,0.594,-0.283,-98.95,0.89927,932,38,,0.595,-0.28
118,House,22344,49,8,TX,200,,,"LUTTRELL, Morgan",L000603,1975,,0.604,-0.017,-124.44554,0.89276,1097,54,,0.608,-0.015
118,House,22352,49,1,TX,200,,,"MORAN, Nathaniel",M001224,1974,,0.571,0.545,-157.1629,0.86787,1109,82,,0.571,0.546
118,House,22364,49,3,TX,200,,,"SELF, Keith",S001224,1953,,0.836,-0.225,-110.68333,0.90518,1111,44,,0.825,-0.227
118,House,22382,49,18,TX,100,,,"LEE CARTER, Erica",L000605,1980,,-0.331,-0.379,-0.5385,0.98929,50,0,,-0.33,-0.38
118,House,29571,49,37,TX,100,,,"DOGGETT, Lloyd Alton, II",D000399,1946,,-0.402,-0.33,-71.31239,0.9365,1087,27,,-0.403,-0.44
118,House,29573,49,18,TX,100,,,"JACKSON LEE, Sheila",J000032,1950,,-0.459,0.121,-34.65994,0.94387,600,15,,-0.389,-0.085
118,House,29759,49,17,TX,200,,,"SESSIONS, Pete",S000250,1955,,0.585,0.169,-145.20023,0.87221,1062,60,,0.551,0.222
118,House,29762,49,12,TX,200,,,"GRANGER, Kay",G000377,1943,,0.403,0.243,-118.95949,0.86897,847,54,,0.456,0.462
118,House,21367,67,2,UT,200,,,"STEWART, Chris",S001192,1960,,0.499,0.167,-20.09721,0.94194,336,9,,0.437,0.141
118,House,21755,67,3,UT,200,,,"CURTIS, John R.",C001114,1960,,0.447,0.125,-195.11263,0.83245,1064,103,,0.39,0.036
118,House,22141,67,1,UT,200,,,"MOORE, Blake D.",M001213,1980,,0.365,0.322,-158.66658,0.86579,1101,58,,0.381,0.362
118,House,22146,67,4,UT,200,,,"OWENS, Burgess",O000086,1951,,0.452,0.164,-170.64761,0.85785,1113,99,,0.443,0.123
118,House,22376,67,2,UT,200,,,"MALOY, Celeste",M001228,1981,,0.423,0.084,-57.41142,0.89028,494,33,,0.423,0.083
118,House,22301,6,1,VT,100,,,"BALINT, Becca",B001318,1968,,-0.455,-0.474,-37.16434,0.96678,1100,11,,-0.452,-0.475
118,House,21994,96,0,VI,100,,,"PLASKETT, Stacey E.",P000610,1966,,-0.451,0.507,-37.8796,0.92472,484,18,,-0.499,0.647
118,House,20756,40,1,VA,200,,,"WITTMAN, Robert J.",W000804,1959,,0.448,0.02,-132.22621,0.88741,1107,62,,0.506,0.191
118,House,20952,40,11,VA,100,,,"CONNOLLY, Gerald E. (Gerry)",C001078,1950,,-0.309,-0.047,-79.15415,0.92914,1077,32,,-0.349,-0.209
118,House,21191,40,9,VA,200,,,"GRIFFITH, H. Morgan",G000568,1958,,0.513,-0.347,-248.86307,0.787,1039,112,,0.446,-0.276
118,House,21554,40,8,VA,100,,,"BEYER, Donald Sternoff Jr.",B001292,1950,,-0.392,-0.101,-74.90771,0.9337,1092,31,,-0.409,-0.215
118,House,21908,40,6,VA,200,,,"CLINE, Benjamin",C001118,1972,,0.715,-0.204,-88.54125,0.92373,1116,33,,0.704,-0.235
118,House,21966,40,7,VA,100,,,"SPANBERGER, Abigail",S001209,1979,,-0.196,0.3,-111.07682,0.90469,1109,35,,-0.252,0.245
118,House,21983,40,10,VA,100,,,"WEXTON, Jennifer",W000825,1968,,-0.384,0.302,-42.20951,0.95511,919,14,,-0.418,0.177
118,House,22120,40,5,VA,200,,,"GOOD, Bob",G000595,1965,,0.8,-0.6,-82.08259,0.92772,1094,35,,0.767,-0.642
118,House,22335,40,2,VA,200,,,"KIGGANS, Jennifer",K000399,1971,,0.259,0.436,-105.20414,0.90847,1096,34,,0.259,0.436
118,House,22374,40,4,VA,100,,,"MCCLELLAN, Jennifer",M001227,1972,,-0.557,0.05,-39.25662,0.96085,983,17,,-0.555,0.054
118,House,39307,40,3,VA,100,,,"SCOTT, Robert C.",S000185,1947,,-0.45,-0.003,-77.00853,0.93332,1116,38,,-0.404,-0.307
118,House,20145,73,2,WA,100,,,"LARSEN, Richard Ray (Rick)",L000560,1965,,-0.365,0.165,-82.70931,0.92535,1066,32,,-0.325,-0.131
118,House,20535,73,5,WA,200,,,"McMORRIS RODGERS, Cathy",M001159,1969,,0.436,0.098,-127.60363,0.88618,1056,55,,0.565,0.288
118,House,21368,73,6,WA,100,,,"KILMER, Derek",K000381,1974,,-0.316,0.005,-45.41941,0.95984,1108,11,,-0.389,0.206
118,House,21556,73,4,WA,200,,,"NEWHOUSE, Daniel Milton",N000189,1955,,0.318,0.328,-100.67986,0.90963,1063,42,,0.308,0.359
118,House,21726,73,7,WA,100,,,"JAYAPAL, Pramila",J000298,1965,,-0.627,-0.543,-44.17955,0.95985,1078,25,,-0.466,-0.782
118,House,21962,73,8,WA,100,,,"SCHRIER, Kim",S001216,1968,,-0.283,0.42,-91.81319,0.92041,1107,36,,-0.26,0.375
118,House,22153,73,10,WA,100,,,"STRICKLAND, Marilyn",S001159,1962,,-0.453,0.381,-45.28502,0.95963,1099,17,,-0.469,0.402
118,House,22358,73,3,WA,100,,,"PEREZ, Marie Gluesenkamp",G000600,1988,,-0.086,0.313,-302.31377,0.76027,1103,104,,-0.084,0.299
118,House,29768,73,9,WA,100,,,"SMITH, Adam",S000510,1965,,-0.29,-0.165,-58.30991,0.94846,1102,21,,-0.49,0.055
118,House,31101,73,1,WA,100,,,"DelBENE, Suzan K.",D000617,1962,,-0.293,-0.203,-46.90898,0.95873,1113,18,,-0.36,-0.143
118,House,21557,56,2,WV,200,,,"MOONEY, Alex X.",M001195,1971,,0.568,-0.241,-83.49832,0.9208,1012,30,,0.648,-0.296
118,House,21946,56,1,WV,200,,,"MILLER, Carol",M001205,1950,,0.526,0.107,-110.77711,0.90412,1099,52,,0.614,0.155
118,House,20537,25,4,WI,100,,,"MOORE, Gwendolynne S. (Gwen)",M001160,1951,,-0.521,-0.273,-58.11954,0.9463,1053,23,,-0.423,-0.459
118,House,21370,25,2,WI,100,,,"POCAN, Mark",P000607,1964,,-0.525,-0.559,-38.39602,0.96475,1070,16,,-0.457,-0.589
118,House,21559,25,6,WI,200,,,"GROTHMAN, Glenn",G000576,1955,,0.599,-0.207,-166.6394,0.85943,1100,85,,0.644,-0.005
118,House,21720,25,8,WI,200,,,"GALLAGHER, Michael",G000579,1984,,0.437,0.033,-108.11404,0.8701,777,41,,0.508,0.193
118,House,21970,25,1,WI,200,,,"STEIL, Bryan",S001213,1981,,0.417,0.064,-119.3911,0.8982,1112,46,,0.44,0.139
118,House,21989,25,7,WI,200,,,"TIFFANY, Thomas P.",T000165,1957,,0.642,-0.244,-98.96781,0.91411,1102,39,,0.669,-0.271
118,House,22115,25,5,WI,200,,,"FITZGERALD, Scott",F000471,1963,,0.599,0.086,-102.95364,0.91165,1113,49,,0.589,-0.002
118,House,22370,25,3,WI,200,,,"VAN ORDEN, Derrick",V000135,1969,,0.377,-0.022,-193.44782,0.83697,1087,87,,0.376,-0.023
118,House,22383,25,8,WI,200,,,"WIED, Tony",W000829,1976,,0.369,-0.279,-7.19584,0.86342,49,3,,0.358,-0.316
118,House,22325,68,1,WY,200,,,"HAGEMAN, Harriet",H001096,1962,,0.654,-0.374,-99.63849,0.91317,1097,47,,0.654,-0.377
